linearRidge;linearRidge_1;linearRidge_2;linearRidge_3;linearRidge_4;linearRidge_5;linearRidge_6;linearRidge_7;linearRidge_8;linearRidge_9;linearRidge_10;linearRidge_11;linearRidge_12
1.435631643;1;1;1;0;0;1;0;0;0;0;1;0
2.922696029;1;0;0;0;1;0;0;1;0;0;1;0
0.566931868;0;0;0;0;0;0;0;0;0;0;2;0
4.851505129;1;0;0;0;1;0;0;0;0;0;1;0
0.152558202;1;1;1;0;0;1;0;0;0;0;1;0
2.952270062;1;0;0;0;1;0;0;0;0;0;0;0
-0.3229421;0;0;0;0;0;0;0;1;0;0;2;0
0.775308497;0;0;0;0;0;0;0;1;0;0;2;0
2.400598914;0;0;0;0;0;0;0;0;0;0;2;0
0.320380121;1;1;1;0;0;1;0;0;0;0;0;0
-1.259398473;0;0;0;0;0;0;0;1;0;0;2;0
3.137097414;1;0;0;0;1;0;0;0;0;0;1;0
-0.785553079;0;0;0;0;0;0;0;0;0;0;0;0
2.748069093;0;0;0;0;0;0;0;0;0;0;1;0
4.625141377;1;0;0;0;1;0;0;0;0;0;1;0
-2.32660957;1;1;1;0;0;1;0;1;0;0;1;0
-0.94060838;0;0;0;0;0;0;0;1;0;0;2;0
0.753602697;0;0;0;0;0;0;0;1;0;0;2;0
0.873524103;1;0;0;0;0;0;0;1;0;0;1;0
1.406110027;0;0;0;0;0;0;0;0;0;0;2;0
0.37052301;1;1;1;0;0;1;0;1;0;0;1;0
5.152277647;2;0;0;0;2;0;0;0;0;0;0;0
0.864088931;1;1;1;0;0;1;0;0;0;0;0;0
1.345343037;0;0;0;0;0;0;0;1;0;0;1;0
0.841317258;2;1;1;0;1;1;0;0;0;0;0;0
1.593139698;0;0;0;0;0;0;0;1;0;0;1;0
1.227029259;0;0;0;0;0;0;0;1;0;0;2;0
0.676840806;0;0;0;0;0;0;0;0;0;0;0;0
3.458981103;1;0;0;0;1;0;0;1;0;0;1;0
3.559976475;1;0;0;0;1;0;0;0;0;0;1;0
2.211373107;0;0;0;0;0;0;0;1;0;0;1;0
-0.439304645;1;1;1;0;0;1;0;0;0;0;0;0
1.271953684;0;0;0;0;0;0;0;1;0;0;1;0
1.536985429;2;2;2;0;0;2;0;0;0;0;0;0
4.390315281;2;0;0;0;2;0;0;0;0;0;0;0
1.988720693;2;2;2;0;0;2;0;0;0;0;0;0
1.22155677;0;0;0;0;0;0;0;1;0;0;2;0
3.612870613;0;0;0;1;0;0;0;0;0;0;2;0
3.599026926;1;0;0;0;1;0;0;0;0;0;0;0
4.53243151;1;0;0;0;1;0;0;0;0;0;0;0
-0.443407523;0;0;0;0;0;0;0;1;0;0;1;0
3.174201798;1;0;0;0;1;0;0;0;0;0;1;0
-0.42730654;0;0;0;0;0;0;0;1;0;0;1;0
1.542354525;1;1;1;0;0;1;0;0;0;0;0;0
0.665657377;1;1;1;0;0;1;0;0;0;0;0;0
1.5352304;0;0;0;0;0;0;0;1;0;0;1;0
2.278518563;0;0;0;0;0;0;0;0;0;0;2;0
0.787549088;0;0;0;0;0;0;0;0;0;0;1;0
2.566609919;0;0;0;0;0;0;0;1;0;0;1;0
1.12401345;1;0;0;0;1;0;0;0;0;0;0;0
1.162222501;0;0;0;0;0;0;0;0;0;0;1;0
3.393995894;0;0;0;0;0;0;0;0;0;0;2;0
3.149038763;1;0;0;0;0;0;0;1;0;0;1;0
4.322478217;1;0;0;0;1;0;0;0;0;0;1;0
5.842938339;2;0;0;0;2;0;0;0;0;0;0;0
1.643684255;0;0;0;0;0;0;0;0;0;0;0;0
2.319210061;1;0;0;0;1;0;0;1;0;0;1;0
2.435073632;1;1;1;0;0;1;0;1;0;0;1;0
2.466438426;2;1;1;0;1;1;0;0;0;0;0;0
-0.164238318;0;0;0;0;0;0;0;2;0;0;2;0
4.891515635;1;0;0;0;1;0;0;0;0;0;1;0
4.353745279;1;0;0;0;1;0;0;0;0;0;0;0
1.257334141;0;0;0;0;0;0;0;0;0;0;2;0
-0.893200838;1;1;1;0;0;1;0;1;0;0;1;0
1.101938335;1;1;1;0;0;1;0;0;0;0;1;0
3.311112364;1;0;0;0;1;0;0;1;0;0;1;0
0.124147559;2;2;2;0;0;2;0;0;0;0;0;0
2.819112621;2;1;1;0;1;1;0;0;0;0;0;0
0.572921125;0;0;0;0;0;0;0;0;0;0;2;0
2.24369065;1;0;0;0;1;0;0;0;0;0;1;0
2.82989227;1;0;0;0;1;0;0;0;0;0;0;0
2.324234179;1;1;1;0;0;1;0;0;0;0;0;0
3.106917487;2;1;1;0;1;1;0;0;0;0;0;0
2.621330627;0;0;0;0;0;0;0;0;0;0;2;0
3.739308969;1;0;0;0;1;0;0;0;0;0;0;0
2.12327171;0;0;0;0;0;0;0;0;0;0;0;0
0.076553823;0;0;0;0;0;0;0;0;0;0;1;0
0.344449672;0;0;0;0;0;0;0;1;0;0;1;0
0.927914743;0;0;0;0;0;0;0;1;0;0;1;0
4.831522567;1;0;0;0;1;0;0;0;0;0;0;0
2.86107964;1;1;1;0;0;1;0;0;0;0;1;0
1.319992704;0;0;0;0;0;0;0;1;0;0;1;0
1.79554203;0;0;0;0;0;0;0;0;0;0;2;0
0.69133442;1;1;1;0;0;1;0;0;0;0;0;0
1.251306106;0;0;0;0;0;0;0;1;0;0;1;0
0.877157432;0;0;0;0;0;0;0;0;0;0;1;0
3.374542375;1;0;0;0;1;0;0;0;0;0;1;0
3.505451594;1;0;0;0;1;0;0;1;0;0;1;0
0.979298767;1;0;0;0;1;0;0;0;0;0;1;0
-1.198639046;0;0;0;0;0;0;0;0;0;0;2;0
4.428049035;1;0;0;0;1;0;0;0;0;0;0;0
0.943346657;1;1;1;0;0;1;0;0;0;0;1;0
3.245589889;1;0;0;0;1;0;0;0;0;0;1;0
-0.999614763;0;0;0;0;0;0;0;0;0;0;2;0
2.59151892;1;1;1;0;0;1;0;0;0;0;0;0
1.604567269;0;0;0;0;0;0;0;0;0;0;0;0
1.210039434;0;0;0;0;0;0;0;0;0;0;1;0
1.750221081;1;0;0;0;1;0;0;0;0;0;0;0
0.435487865;0;0;0;0;0;0;0;1;0;0;2;0
0.122106772;1;1;1;0;0;1;0;0;0;0;0;0
2.929551394;0;0;0;0;0;0;0;0;0;0;1;0
1.100547335;1;1;1;0;0;1;0;0;0;0;0;0
2.03234299;0;0;0;0;0;0;0;1;0;0;1;0
1.925540231;0;0;0;0;0;0;0;0;0;0;2;0
3.649619067;1;0;0;0;1;0;0;0;0;0;1;0
-0.623393019;0;0;0;0;0;0;0;1;0;0;2;0
0.979868793;1;1;1;0;0;1;0;0;0;0;0;0
0.930774915;0;0;0;0;0;0;0;0;0;0;2;0
1.581372247;0;0;0;0;0;0;0;0;0;0;1;0
4.250229177;1;0;0;0;1;0;0;1;0;0;1;0
2.826766969;1;1;1;0;0;1;0;0;0;0;0;0
6.087389671;2;0;0;0;2;0;0;0;0;0;0;0
2.522869277;1;0;0;0;1;0;0;0;0;0;1;0
2.190778966;0;0;0;0;0;0;0;1;0;0;2;0
1.235525977;1;1;1;0;0;1;0;0;0;0;0;0
0.948007298;2;1;1;0;1;1;0;0;0;0;0;0
1.813105821;1;0;0;0;1;0;0;0;0;0;1;0
-0.49351653;0;0;0;0;0;1;0;1;0;0;1;0
2.0116434;0;0;0;0;0;0;0;0;0;0;2;0
1.535310623;0;0;0;0;0;0;0;1;0;0;2;0
1.02861894;0;0;0;0;0;0;0;1;0;0;2;0
2.111602832;1;0;0;0;1;0;0;1;0;0;1;0
-0.083829403;0;0;0;0;0;0;0;0;0;0;1;0
1.004882254;0;0;0;0;0;0;0;0;0;0;0;0
1.591130482;0;0;0;0;0;0;0;0;0;0;0;0
1.249436446;1;1;1;0;0;1;0;0;0;0;1;0
0.953789372;0;0;0;0;0;0;0;1;0;0;2;0
0.472084596;0;0;0;0;0;0;0;0;0;0;2;0
5.062248828;2;0;0;0;2;0;0;0;0;0;0;0
0.474438159;1;1;1;0;0;1;0;1;0;0;1;0
3.14947873;2;1;1;0;1;1;0;0;0;0;0;0
2.114702678;0;0;0;0;0;0;0;0;0;0;1;0
1.443858879;0;0;0;0;0;0;0;1;0;0;1;0
2.13753451;1;0;0;0;1;0;0;1;0;0;1;0
3.302682146;1;0;0;0;1;0;0;0;0;0;0;0
2.510757128;1;0;0;0;1;0;1;1;0;0;1;0
0.571747006;1;1;1;0;0;1;0;0;0;0;1;0
2.533743501;1;0;0;0;1;0;0;1;0;0;1;0
0.397334382;1;1;1;0;0;1;0;0;0;0;0;0
1.615346626;0;0;0;0;0;0;0;0;0;0;1;0
0.873065721;1;1;1;0;0;1;0;0;0;0;0;0
3.227113797;1;0;0;0;1;0;0;0;0;0;1;0
0.505192914;0;0;0;0;0;0;0;1;0;0;1;0
1.531052306;1;1;1;0;0;1;0;0;0;0;0;0
0.883664376;1;1;1;0;0;1;0;0;0;0;1;0
3.058860415;1;0;0;0;1;0;0;0;0;0;1;0
1.311064564;0;0;0;0;0;0;0;1;1;0;1;0
1.124429366;0;0;0;0;0;0;0;0;0;0;1;0
1.89380302;0;0;0;0;0;0;0;0;0;0;1;0
1.059613534;0;0;0;0;0;0;0;0;0;0;1;0
0.310345645;0;0;0;0;0;0;0;0;0;0;0;0
1.863922012;0;0;0;0;0;0;0;0;0;0;1;0
1.862972815;0;0;0;0;0;0;0;1;0;0;2;0
1.069183908;0;0;0;0;0;0;0;1;0;0;1;0
0.156514593;2;2;2;0;0;2;0;0;0;0;0;0
0.545707588;2;2;2;0;0;2;0;0;0;0;0;0
3.007569709;1;0;0;0;1;0;0;0;0;0;1;0
-0.676863908;0;0;0;0;0;0;0;1;0;0;1;0
1.013832339;1;1;1;0;0;1;0;1;0;0;1;0
0.60067004;0;0;0;0;0;0;0;0;0;0;2;0
4.472009496;2;1;1;0;1;1;0;0;0;0;0;0
2.42752953;1;0;0;0;1;0;0;0;0;0;0;0
0.110204867;1;1;1;0;0;1;0;0;0;0;1;0
1.706463914;0;0;0;0;0;0;0;0;0;0;1;0
2.520004693;1;0;0;0;1;0;0;1;0;0;1;0
1.233923834;0;0;0;0;0;0;0;0;0;0;1;0
-1.61496199;0;0;0;0;0;0;0;0;0;0;0;0
0.798719369;0;0;0;0;0;0;0;0;0;0;0;0
0.117610261;1;1;1;0;0;1;0;1;0;0;1;0
1.981698745;1;0;0;0;1;0;0;0;0;0;0;0
2.909081745;0;0;0;0;0;0;0;1;0;0;2;0
0.646277025;1;1;1;0;0;1;0;0;0;0;0;0
-0.088339899;0;0;0;0;0;0;0;0;0;0;1;0
4.246143622;2;0;0;0;2;0;0;0;0;0;0;0
0.381334985;0;0;0;0;0;0;0;0;0;0;1;0
1.114756365;1;1;1;0;0;1;0;0;0;0;1;0
3.610712726;2;1;1;0;1;1;0;0;0;0;0;0
1.70118552;0;0;0;0;0;0;0;0;0;0;2;0
2.049484586;1;0;0;0;1;0;0;1;0;0;1;0
0.125826438;0;0;0;0;0;0;0;0;0;0;1;0
1.674370291;1;1;1;0;0;1;0;0;0;0;0;0
4.189023855;1;0;0;0;1;0;0;0;0;0;1;0
0.180496141;0;0;0;0;0;0;0;1;0;0;2;0
2.139624987;1;1;1;0;0;1;0;0;0;0;1;0
2.21753355;1;1;1;0;0;1;0;0;0;0;0;0
0.134625446;1;1;1;0;0;1;0;0;0;0;0;0
3.715403776;1;0;0;0;1;0;0;0;0;0;0;0
0.384080437;0;0;0;0;0;0;0;0;0;0;2;0
1.099407457;1;0;0;0;1;0;0;0;0;0;1;0
2.217582908;0;0;0;0;0;0;0;1;0;0;2;0
2.382493088;1;0;0;0;1;0;0;0;0;0;0;0
1.509011442;0;0;0;0;0;0;0;0;0;0;2;0
4.698195884;1;0;0;0;1;0;0;0;0;0;1;0
0.795715929;0;0;0;0;0;0;0;0;0;0;0;0
1.408829063;1;0;0;0;1;0;0;0;0;0;0;0
0.174082989;1;1;1;0;0;1;0;0;0;0;0;0
1.620497477;0;0;0;0;0;0;0;1;0;0;2;0
0.426275569;1;0;0;0;0;0;0;0;0;0;0;0
1.273404111;0;0;0;0;0;0;0;0;0;0;1;0
0.178556107;1;1;1;0;0;1;0;1;0;0;1;0
-0.616756331;2;2;2;0;0;2;0;0;0;0;0;0
0.284395296;0;0;0;0;0;0;0;1;0;0;1;0
0.592330292;0;0;0;0;0;0;0;0;0;0;0;0
1.513412987;0;0;0;1;0;0;0;0;0;0;2;0
3.911683006;1;0;0;0;1;0;0;0;0;0;0;0
1.203515401;1;1;1;0;0;1;0;0;0;0;0;0
4.15752707;2;0;0;0;2;0;0;0;0;0;0;0
1.478811982;1;1;1;0;0;1;0;0;0;0;0;0
3.080395871;1;1;1;0;0;1;0;0;0;0;0;0
2.391657867;1;0;0;0;0;0;0;0;0;0;1;0
1.037290061;0;0;0;0;0;0;0;1;0;0;1;0
2.216248743;1;0;0;0;1;0;0;0;0;0;0;0
1.843426954;1;1;1;0;0;1;0;0;0;0;1;0
0.848322115;0;0;0;0;0;0;0;1;0;0;1;0
1.618241765;1;0;0;0;1;0;0;0;0;0;1;0
2.31121399;1;0;0;0;1;0;0;0;0;0;1;0
3.928923607;1;0;0;0;1;0;0;0;0;0;0;0
0.546521;0;0;0;0;0;0;0;0;0;0;2;0
-0.576634613;0;0;0;1;0;0;0;0;0;0;1;0
1.548916594;0;0;0;0;0;0;0;0;0;0;2;0
-0.228067925;0;0;0;0;0;0;0;1;0;0;2;0
-1.655553017;0;0;0;0;0;0;0;0;0;0;1;0
0.902026301;0;0;0;0;0;0;0;1;0;0;1;0
3.488917717;2;1;1;0;1;1;0;0;0;0;0;0
4.572356223;1;0;0;0;1;0;0;0;0;0;0;0
2.072514961;1;1;1;0;0;1;0;0;0;0;0;0
-0.34175272;0;0;0;0;0;0;0;0;0;0;2;0
0.561014031;0;0;0;0;0;0;0;0;0;0;0;0
1.604602145;0;0;0;0;0;0;0;0;0;0;2;0
0.16839863;0;0;0;0;0;0;0;0;0;0;1;0
3.718842566;1;0;0;0;1;0;0;0;0;0;1;0
0.708907168;1;1;1;0;0;1;0;0;0;0;0;0
1.114455657;0;0;0;0;0;1;0;0;0;0;1;0
0.504550209;1;1;1;0;0;1;0;0;0;0;1;0
2.378543956;0;0;0;0;0;0;0;0;0;0;2;0
1.30433118;0;0;0;0;0;0;0;0;0;0;0;0
-0.207423099;0;0;0;0;0;0;0;0;0;0;1;0
6.985450454;2;0;0;0;2;0;0;0;0;0;0;0
5.811820717;2;0;0;0;2;0;0;0;0;0;0;0
-0.247381755;0;0;0;0;0;1;0;0;0;0;0;0
-0.896254798;0;0;0;0;0;0;0;0;0;0;1;0
3.649082763;1;0;0;0;1;0;0;1;0;0;1;0
1.49236611;1;1;1;0;0;1;0;1;0;0;1;0
1.361749364;1;1;1;0;0;1;0;1;0;0;1;0
0.27511233;1;1;1;0;0;1;0;1;0;0;1;0
1.890433569;0;0;0;0;0;0;0;0;0;0;0;0
3.046926523;1;1;1;0;0;1;0;0;0;0;1;0
-1.099256299;1;1;1;0;0;1;0;0;0;0;1;0
-0.689584788;0;0;0;0;0;0;0;0;0;0;1;0
1.997925703;1;0;0;0;1;0;0;0;0;0;0;0
1.39466773;0;0;0;0;0;0;0;0;0;0;0;0
0.504306734;1;1;1;0;0;1;0;1;0;0;1;0
0.693543197;1;1;1;0;0;1;0;0;0;0;1;0
1.368560256;1;1;1;0;0;1;0;1;0;0;1;0
0.309700872;1;1;1;0;0;1;0;0;0;0;1;0
3.9461995;1;0;0;0;1;0;0;1;0;0;1;0
1.422905277;1;0;0;0;1;0;0;0;0;0;1;0
1.993802987;1;1;1;0;0;1;0;1;0;0;1;0
0.868575421;1;0;0;0;1;0;0;0;0;0;1;0
-0.018745766;0;0;0;0;0;0;0;1;0;0;1;0
2.606110729;0;0;0;0;0;0;0;0;0;0;2;0
0.217467219;0;0;0;0;0;0;0;0;0;0;0;0
2.454159967;1;0;0;0;1;0;0;0;0;0;0;0
0.354374995;1;0;0;0;1;0;0;0;0;0;0;0
0.048608619;1;1;1;0;0;1;0;0;0;0;1;0
3.175831199;1;0;0;0;1;0;0;0;0;0;1;0
0.979677388;1;0;0;0;0;0;0;0;0;0;0;0
0.331617895;1;1;1;0;0;1;0;0;0;0;0;0
2.50482745;1;1;1;0;0;1;0;0;0;0;0;0
1.638120042;0;0;0;0;0;0;0;0;0;0;2;0
3.592123878;1;0;0;0;1;0;0;0;0;0;0;0
0.930332217;0;0;0;0;0;0;0;0;0;0;0;0
1.767416824;0;0;0;0;0;0;0;0;0;0;1;0
3.500137091;2;1;1;0;1;1;0;0;0;0;0;0
3.947106618;1;0;0;0;1;0;0;0;0;0;0;0
2.300791405;1;0;0;0;1;0;0;0;0;0;0;0
3.036610328;1;0;0;0;1;0;0;0;0;0;1;0
0.174471101;0;0;0;0;0;0;0;1;0;0;2;0
0.054913158;1;0;0;0;0;0;0;0;0;0;1;0
2.657075905;2;1;1;0;1;1;0;0;0;0;0;0
0.719727577;0;0;0;0;0;0;0;0;0;0;1;0
1.84884027;1;0;0;0;1;0;0;0;0;0;1;0
1.30025433;0;0;0;0;0;0;0;0;0;0;1;0
3.06980053;1;0;0;0;1;0;0;1;0;0;1;0
0.326318139;1;1;1;0;0;1;0;0;0;0;0;0
1.558067023;0;0;0;0;0;0;0;0;0;0;0;0
-0.11684753;0;0;0;0;0;0;0;1;0;0;1;0
-0.486578646;0;0;0;0;0;0;0;0;0;0;0;0
1.159113794;0;0;0;0;0;0;0;0;0;0;0;0
-0.370479134;0;0;0;0;0;0;0;0;0;0;0;0
-0.172615322;0;0;0;0;0;0;0;1;0;0;1;0
2.203350954;1;0;0;0;1;0;0;0;0;0;1;0
1.899677869;0;0;0;0;0;0;0;1;0;0;2;0
0.426582402;1;1;1;0;0;1;0;0;0;0;1;0
2.000621423;0;0;0;0;0;0;0;1;0;0;2;0
0.669046632;1;1;1;0;0;1;0;1;0;0;1;0
2.183032546;1;1;1;1;0;1;0;0;0;0;1;0
2.066572171;1;1;1;0;0;1;0;0;0;0;0;0
0.999767453;1;1;1;0;0;1;0;0;0;0;0;0
1.308115677;0;0;0;0;0;0;0;0;0;0;0;0
2.405320769;0;0;0;0;0;0;0;0;0;0;1;0
2.722864464;1;0;0;0;0;0;0;0;0;1;1;0
0.486782766;0;0;0;0;0;0;0;0;0;0;1;0
1.716108691;2;2;2;0;0;2;0;0;0;0;0;0
-0.204096216;0;0;0;0;0;0;0;0;0;0;1;0
2.072303991;1;0;0;0;1;0;0;0;0;0;0;0
1.070252535;2;1;1;0;1;1;0;0;0;0;0;0
1.249238099;0;0;0;0;0;0;0;1;0;0;2;0
1.023016747;0;0;0;0;0;0;0;2;0;0;2;0
2.426981708;0;0;0;0;0;0;0;1;0;0;2;0
0.154118458;0;0;0;0;0;0;0;0;0;0;1;0
0.682661154;0;0;0;0;0;0;0;1;0;0;2;0
1.538714764;1;1;1;0;0;1;0;0;0;0;1;0
1.396401758;0;0;0;0;0;0;0;1;0;0;2;0
3.590557418;1;0;0;0;1;0;0;0;0;0;0;0
0.054090394;0;0;0;0;0;0;0;2;0;0;2;0
2.211679487;2;1;1;0;1;1;0;0;0;0;0;0
3.760531651;2;1;1;0;1;1;0;0;0;0;0;0
0.042501642;0;0;0;0;0;0;0;0;0;0;1;0
0.638661093;1;1;1;0;0;1;0;0;0;0;1;0
1.04313873;0;0;0;0;0;0;0;0;0;0;1;0
1.780728377;0;0;0;0;0;0;0;0;0;0;1;0
4.053316022;1;0;0;0;1;0;0;0;0;0;0;0
2.734536638;1;0;0;0;1;0;0;0;0;0;0;0
1.797420267;0;0;0;0;0;0;0;0;0;0;1;0
1.163269856;1;1;1;0;0;1;0;1;0;0;1;0
0.315611747;1;0;0;0;1;0;0;0;0;0;0;0
2.692369125;1;0;0;0;0;0;0;0;0;0;0;0
0.971703881;0;0;0;0;0;0;0;0;0;0;1;0
0.597811386;0;0;0;0;0;0;0;0;0;0;2;0
0.59265434;0;0;0;0;0;0;0;1;0;0;1;0
0.980525634;0;0;0;0;0;0;0;1;0;0;2;0
3.950705066;1;0;0;0;1;0;0;0;0;0;0;0
1.611496665;0;0;0;0;0;0;0;1;0;0;2;0
0.520694793;1;1;1;0;0;1;0;0;0;0;0;0
1.162679475;1;1;1;0;0;1;0;1;0;0;1;0
2.973092423;0;0;0;0;0;0;0;0;0;0;2;0
1.508720935;0;0;0;0;0;0;0;0;0;0;1;0
1.462391949;1;1;1;0;0;1;0;0;0;0;0;0
1.50420977;0;0;0;0;0;0;0;0;0;0;1;0
3.031238302;1;0;0;0;1;0;0;0;0;0;0;0
0.645456752;0;0;0;0;0;0;0;0;0;0;1;0
2.283821854;1;0;0;0;0;0;0;0;0;1;0;0
2.136102751;1;1;1;0;0;1;0;0;0;0;0;0
2.559277033;1;0;0;0;1;0;0;0;0;0;0;0
0.889944144;1;1;1;0;0;1;0;0;0;0;1;0
4.651843037;1;0;0;0;1;0;0;0;0;0;0;0
5.834430396;2;0;0;0;2;0;0;0;0;0;0;0
0.929819394;2;2;2;0;0;2;0;0;0;0;0;0
0.936846325;1;1;1;0;0;1;0;0;0;0;0;0
-0.529398262;0;0;0;0;0;0;0;0;0;0;1;0
1.38560145;1;0;0;0;1;0;0;0;0;0;0;0
0.910977223;1;0;0;0;0;0;0;0;0;0;0;0
1.818616279;0;0;0;0;0;0;0;0;0;0;1;0
0.262627495;1;1;1;0;0;1;0;0;0;0;0;0
0.852093309;1;0;0;0;0;0;0;1;0;0;1;0
1.997804173;0;0;0;0;0;0;0;1;0;0;2;0
2.882109482;2;1;1;0;1;1;0;0;0;0;0;0
4.030157212;2;0;0;0;2;0;0;0;0;0;0;0
1.294162223;0;0;0;0;0;0;0;1;0;0;2;0
0.97437639;0;0;0;0;0;0;0;1;0;0;1;0
3.429804711;1;0;0;0;1;0;0;0;0;0;1;0
1.819258201;1;1;1;0;0;1;0;0;0;0;0;0
0.808274877;1;1;1;0;0;1;0;0;0;0;1;0
1.769093221;1;1;1;0;0;1;0;0;0;0;0;0
1.113730232;0;0;0;0;0;0;0;0;0;0;1;0
2.946518989;1;0;0;0;0;0;0;0;0;0;1;0
1.181061629;0;0;0;0;0;0;0;0;0;0;1;0
3.568292317;1;0;0;0;1;0;0;0;0;0;0;0
5.819692415;2;0;0;0;2;0;0;0;0;0;0;0
2.105747892;1;0;0;0;1;0;0;0;0;0;0;0
1.298270763;0;0;0;0;0;0;0;0;0;0;0;0
0.777214329;0;0;0;0;0;0;0;0;0;0;0;0
0.216273274;1;1;1;1;0;1;0;0;0;0;1;0
-1.850045382;0;0;0;0;0;0;0;1;0;0;1;0
0.820990596;0;0;0;0;0;0;0;1;0;0;1;0
1.256376406;0;0;0;0;0;0;0;0;0;0;0;0
1.983712153;1;1;1;0;0;1;0;0;0;0;1;0
0.286256983;0;0;0;0;0;0;0;0;0;0;1;0
2.162561823;2;2;2;0;0;2;0;0;0;0;0;0
1.967510428;1;0;0;0;1;0;0;0;0;0;1;0
3.273818261;1;1;1;0;0;1;0;1;0;0;1;0
1.593027753;0;0;0;0;0;0;0;1;0;0;1;0
-0.745998184;1;1;1;0;0;1;0;0;0;0;0;0
1.855906926;0;0;0;0;0;0;0;0;0;0;1;0
4.699550937;1;0;0;0;1;0;0;0;0;0;1;0
1.676976714;0;0;0;0;0;0;0;0;0;0;1;0
3.211364905;1;1;1;0;0;1;0;1;0;0;1;0
5.310544133;2;0;0;0;2;0;0;0;0;0;0;0
0.370337241;1;1;1;0;0;1;0;1;0;0;1;0
1.893026634;0;0;0;0;0;0;0;0;0;0;1;0
6.301862511;2;0;0;0;2;0;0;0;0;0;0;0
4.770933913;1;0;0;0;1;0;0;0;0;0;0;0
4.402306873;1;0;0;0;1;0;0;0;0;0;1;0
1.532950733;0;0;0;0;0;0;0;0;0;0;1;0
0.357972136;0;0;0;0;0;0;0;1;0;0;1;0
0.070532845;1;1;1;0;0;1;0;0;0;0;1;0
-0.093722268;0;0;0;0;0;0;0;2;0;0;2;0
0.122298376;1;1;1;0;0;1;0;0;0;0;1;0
-0.437143531;0;0;0;0;0;0;0;0;0;0;1;0
0.928073588;0;0;0;0;0;0;0;0;0;0;1;0
2.458413984;0;0;0;0;0;0;0;1;0;0;1;0
1.445908532;1;1;1;0;0;1;0;0;0;0;0;0
0.394136828;0;0;0;0;0;0;0;0;0;0;1;0
1.116213211;0;0;0;0;0;0;0;0;0;0;1;0
0.374454299;1;1;1;0;0;1;0;0;0;0;1;0
0.646115001;1;1;1;0;0;1;0;1;0;0;1;0
1.768415224;0;0;0;0;0;0;0;0;0;0;2;0
1.238584981;0;0;0;0;0;0;0;1;0;0;1;0
1.419706055;0;0;0;0;0;0;0;1;0;0;2;0
0.981510261;0;0;0;0;0;0;0;1;0;0;1;0
2.673771217;1;1;1;0;0;1;0;0;0;0;1;0
1.835792407;0;0;0;0;0;0;0;0;0;0;0;0
3.751577798;1;0;0;0;1;0;0;0;0;0;0;0
1.712281156;0;0;0;0;0;0;0;0;0;0;1;0
0.905900712;0;0;0;0;0;0;0;0;0;0;1;0
4.21764585;1;0;0;0;1;0;0;1;0;0;1;0
0.269826097;0;0;0;0;0;0;0;0;0;0;2;1
1.677723404;0;0;0;0;0;0;0;0;0;0;2;0
0.848830211;0;0;0;0;0;0;0;1;0;0;1;0
2.000560924;0;0;0;0;0;0;0;0;0;0;0;0
1.878503917;0;0;0;0;0;0;0;0;0;0;0;0
2.3709215;1;0;0;0;1;0;0;0;0;0;1;0
1.530621619;1;1;1;0;0;2;0;0;0;0;0;0
0.367481622;1;1;1;0;0;1;0;0;0;0;1;0
0.214800573;0;0;0;0;0;0;0;0;0;0;0;0
-0.648227872;0;0;0;0;0;0;0;0;0;0;2;0
1.532679822;1;0;0;0;1;0;0;1;0;0;1;0
2.035897301;2;1;1;0;1;1;0;0;0;0;0;0
1.109348767;0;0;0;0;0;0;0;1;0;0;2;0
4.225941696;2;0;0;0;2;0;0;0;0;0;0;0
0.637404349;1;1;1;0;0;1;0;0;0;0;1;0
0.188594731;1;1;1;0;0;1;0;0;0;0;0;0
0.88268477;0;0;0;0;0;0;0;0;0;0;1;0
0.0354394;0;0;0;0;0;0;0;1;0;0;2;0
1.561020952;0;0;0;0;0;0;0;0;0;0;1;0
1.009500168;2;2;2;0;0;2;0;0;0;0;0;0
2.28333296;0;0;0;0;0;0;0;0;0;0;0;0
1.087975548;0;0;0;0;0;0;0;0;0;0;0;0
1.881043202;0;0;0;0;0;0;0;0;0;0;1;0
1.61995501;1;1;1;0;0;1;0;0;0;0;0;0
1.006388554;0;0;0;0;0;0;0;0;0;0;0;0
3.006660003;1;0;0;0;1;0;0;1;0;0;1;0
3.794782024;2;1;1;0;1;1;0;0;0;0;0;0
2.084531934;1;1;1;0;0;1;0;0;0;0;1;0
4.9369585;2;1;1;0;1;1;0;0;0;0;0;0
0.722513985;0;0;0;0;0;0;0;0;0;0;1;0
1.255836822;2;2;2;0;0;2;0;0;0;0;0;0
2.733904577;1;1;1;0;0;1;0;0;0;0;0;0
4.104107322;1;0;0;0;1;0;0;0;0;0;0;0
0.332280425;1;0;0;0;0;0;0;0;0;0;0;0
-0.184899535;0;0;0;0;0;0;0;0;0;0;1;0
1.895709999;1;1;1;0;0;1;0;0;0;0;1;0
3.954333102;1;0;0;0;1;0;0;0;0;0;1;0
3.71818142;2;1;1;0;1;1;0;0;0;0;0;0
1.343496049;1;1;1;0;0;1;0;0;0;0;0;0
6.620988605;2;0;0;0;2;0;0;0;0;0;0;0
2.706807591;0;0;0;0;0;0;0;0;0;0;0;0
1.006976339;0;0;0;0;0;0;0;0;0;0;2;0
-0.576893122;1;1;1;0;0;1;0;0;0;0;0;0
3.22468323;1;0;0;0;1;0;0;0;0;0;1;0
-1.013288831;1;1;1;0;0;1;0;0;0;0;1;0
0.696315842;1;1;1;0;0;1;0;0;0;0;1;0
3.226434476;2;1;1;0;1;1;0;0;0;0;0;0
0.784305673;0;0;0;0;0;0;0;0;0;0;1;0
0.460403627;0;0;0;0;0;0;0;1;0;0;2;0
0.889908748;1;0;0;0;0;0;0;0;0;1;0;0
3.510048389;1;0;0;0;1;0;0;1;0;0;1;0
0.805527829;0;0;0;0;0;0;0;0;0;0;2;0
2.241765299;1;1;1;0;0;1;0;1;0;0;1;0
1.009076373;0;0;0;0;0;0;0;0;0;0;1;0
1.623345534;1;1;1;0;0;1;0;0;0;0;0;0
1.321845719;1;1;1;0;0;1;0;0;0;0;0;0
2.068378611;0;0;0;0;0;0;0;0;0;0;1;0
1.085338198;1;1;1;0;0;1;0;0;0;0;1;0
-0.224616972;1;1;1;0;0;1;0;0;0;0;0;0
3.164775432;1;1;1;0;0;1;0;1;0;0;1;0
2.964647897;2;1;1;0;1;1;0;0;0;0;0;0
0.989952833;0;0;0;0;0;0;0;0;0;0;1;0
0.895923065;0;0;0;0;0;0;0;1;0;0;1;0
4.5640249;2;0;0;0;2;0;0;0;0;0;0;0
2.145530639;0;0;0;0;0;0;0;1;0;0;2;0
0.528546986;0;0;0;0;0;0;0;0;0;0;2;0
0.425851567;1;0;0;0;1;0;0;1;0;0;1;0
4.16797641;1;0;0;0;1;0;0;0;0;0;1;0
1.131013286;0;0;0;0;0;0;0;0;0;0;1;0
0.826146822;1;1;1;0;0;1;0;0;0;0;0;0
1.547067879;0;0;0;0;0;0;0;1;0;0;1;0
3.011321277;1;0;0;0;1;0;0;0;0;0;1;0
5.289083348;1;0;0;0;1;0;0;0;0;0;0;0
1.091728153;1;1;1;0;0;1;0;0;0;0;1;0
2.268953999;0;0;0;0;0;0;0;2;0;0;2;0
1.111341546;1;1;1;0;0;1;0;0;0;0;1;0
0.422967251;1;0;0;0;0;0;0;0;0;0;1;0
0.601255362;0;0;0;0;0;0;0;1;0;0;1;0
3.002958914;0;0;0;0;0;0;0;1;0;0;1;0
3.336428713;2;1;1;0;1;1;0;0;0;0;0;0
1.868270573;1;0;0;0;1;0;0;0;0;0;0;0
0.404726515;0;0;0;0;0;0;0;1;0;0;2;0
-0.172010704;0;0;0;0;0;0;0;1;0;0;1;0
